{
  "hash": "5bcc4ba2",
  "configHash": "154f375e",
  "lockfileHash": "5c9f3114",
  "browserHash": "fd5c0230",
  "optimized": {
    "@angular/common": {
      "src": "../../../../../../node_modules/@angular/common/fesm2022/common.mjs",
      "file": "@angular_common.js",
      "fileHash": "d8628789",
      "needsInterop": false
    },
    "@angular/common/http": {
      "src": "../../../../../../node_modules/@angular/common/fesm2022/http.mjs",
      "file": "@angular_common_http.js",
      "fileHash": "39923a38",
      "needsInterop": false
    },
    "@angular/core": {
      "src": "../../../../../../node_modules/@angular/core/fesm2022/core.mjs",
      "file": "@angular_core.js",
      "fileHash": "0229ae3f",
      "needsInterop": false
    },
    "@angular/forms": {
      "src": "../../../../../../node_modules/@angular/forms/fesm2022/forms.mjs",
      "file": "@angular_forms.js",
      "fileHash": "2e883f3c",
      "needsInterop": false
    },
    "@angular/material/button": {
      "src": "../../../../../../node_modules/@angular/material/fesm2022/button.mjs",
      "file": "@angular_material_button.js",
      "fileHash": "95f965c9",
      "needsInterop": false
    },
    "@angular/material/dialog": {
      "src": "../../../../../../node_modules/@angular/material/fesm2022/dialog.mjs",
      "file": "@angular_material_dialog.js",
      "fileHash": "e9c8e935",
      "needsInterop": false
    },
    "@angular/platform-browser": {
      "src": "../../../../../../node_modules/@angular/platform-browser/fesm2022/platform-browser.mjs",
      "file": "@angular_platform-browser.js",
      "fileHash": "b2c1474e",
      "needsInterop": false
    },
    "@angular/platform-browser/animations": {
      "src": "../../../../../../node_modules/@angular/platform-browser/fesm2022/animations.mjs",
      "file": "@angular_platform-browser_animations.js",
      "fileHash": "6e8a9cbd",
      "needsInterop": false
    },
    "@angular/router": {
      "src": "../../../../../../node_modules/@angular/router/fesm2022/router.mjs",
      "file": "@angular_router.js",
      "fileHash": "805f825c",
      "needsInterop": false
    },
    "@fullcalendar/angular": {
      "src": "../../../../../../node_modules/@fullcalendar/angular/fesm2020/fullcalendar-angular.mjs",
      "file": "@fullcalendar_angular.js",
      "fileHash": "81e56203",
      "needsInterop": false
    },
    "@fullcalendar/daygrid": {
      "src": "../../../../../../node_modules/@fullcalendar/daygrid/index.js",
      "file": "@fullcalendar_daygrid.js",
      "fileHash": "fa76632a",
      "needsInterop": false
    },
    "@fullcalendar/interaction": {
      "src": "../../../../../../node_modules/@fullcalendar/interaction/index.js",
      "file": "@fullcalendar_interaction.js",
      "fileHash": "63b42f0c",
      "needsInterop": false
    },
    "@ngrx/store": {
      "src": "../../../../../../node_modules/@ngrx/store/fesm2022/ngrx-store.mjs",
      "file": "@ngrx_store.js",
      "fileHash": "7b8e67ec",
      "needsInterop": false
    },
    "@ngrx/store-devtools": {
      "src": "../../../../../../node_modules/@ngrx/store-devtools/fesm2022/ngrx-store-devtools.mjs",
      "file": "@ngrx_store-devtools.js",
      "fileHash": "6551054a",
      "needsInterop": false
    },
    "@sweetalert2/ngx-sweetalert2": {
      "src": "../../../../../../node_modules/@sweetalert2/ngx-sweetalert2/fesm2022/sweetalert2-ngx-sweetalert2.mjs",
      "file": "@sweetalert2_ngx-sweetalert2.js",
      "fileHash": "1f572121",
      "needsInterop": false
    },
    "ngx-owl-carousel-o": {
      "src": "../../../../../../node_modules/ngx-owl-carousel-o/fesm2022/ngx-owl-carousel-o.mjs",
      "file": "ngx-owl-carousel-o.js",
      "fileHash": "1d19082b",
      "needsInterop": false
    },
    "primeng/api": {
      "src": "../../../../../../node_modules/primeng/fesm2022/primeng-api.mjs",
      "file": "primeng_api.js",
      "fileHash": "c8c8d5fc",
      "needsInterop": false
    },
    "primeng/avatar": {
      "src": "../../../../../../node_modules/primeng/fesm2022/primeng-avatar.mjs",
      "file": "primeng_avatar.js",
      "fileHash": "911c0be8",
      "needsInterop": false
    },
    "primeng/badge": {
      "src": "../../../../../../node_modules/primeng/fesm2022/primeng-badge.mjs",
      "file": "primeng_badge.js",
      "fileHash": "1a835baf",
      "needsInterop": false
    },
    "primeng/breadcrumb": {
      "src": "../../../../../../node_modules/primeng/fesm2022/primeng-breadcrumb.mjs",
      "file": "primeng_breadcrumb.js",
      "fileHash": "73f57dac",
      "needsInterop": false
    },
    "primeng/button": {
      "src": "../../../../../../node_modules/primeng/fesm2022/primeng-button.mjs",
      "file": "primeng_button.js",
      "fileHash": "5484c774",
      "needsInterop": false
    },
    "primeng/dropdown": {
      "src": "../../../../../../node_modules/primeng/fesm2022/primeng-dropdown.mjs",
      "file": "primeng_dropdown.js",
      "fileHash": "264ba518",
      "needsInterop": false
    },
    "primeng/editor": {
      "src": "../../../../../../node_modules/primeng/fesm2022/primeng-editor.mjs",
      "file": "primeng_editor.js",
      "fileHash": "4c96b66f",
      "needsInterop": false
    },
    "primeng/inputtext": {
      "src": "../../../../../../node_modules/primeng/fesm2022/primeng-inputtext.mjs",
      "file": "primeng_inputtext.js",
      "fileHash": "ac8db4e3",
      "needsInterop": false
    },
    "primeng/menubar": {
      "src": "../../../../../../node_modules/primeng/fesm2022/primeng-menubar.mjs",
      "file": "primeng_menubar.js",
      "fileHash": "193fec9f",
      "needsInterop": false
    },
    "primeng/ripple": {
      "src": "../../../../../../node_modules/primeng/fesm2022/primeng-ripple.mjs",
      "file": "primeng_ripple.js",
      "fileHash": "4c2d20a3",
      "needsInterop": false
    },
    "primeng/speeddial": {
      "src": "../../../../../../node_modules/primeng/fesm2022/primeng-speeddial.mjs",
      "file": "primeng_speeddial.js",
      "fileHash": "10d91580",
      "needsInterop": false
    },
    "primeng/tag": {
      "src": "../../../../../../node_modules/primeng/fesm2022/primeng-tag.mjs",
      "file": "primeng_tag.js",
      "fileHash": "33899bde",
      "needsInterop": false
    },
    "rxjs": {
      "src": "../../../../../../node_modules/rxjs/dist/esm5/index.js",
      "file": "rxjs.js",
      "fileHash": "b55b21c3",
      "needsInterop": false
    },
    "rxjs/operators": {
      "src": "../../../../../../node_modules/rxjs/dist/esm5/operators/index.js",
      "file": "rxjs_operators.js",
      "fileHash": "02ae45b6",
      "needsInterop": false
    }
  },
  "chunks": {
    "sweetalert2.esm.all-42KWPWOF": {
      "file": "sweetalert2__esm__all-42KWPWOF.js"
    },
    "quill-BQ6X6MS7": {
      "file": "quill-BQ6X6MS7.js"
    },
    "chunk-GPI5JHLT": {
      "file": "chunk-GPI5JHLT.js"
    },
    "chunk-X2FRVYON": {
      "file": "chunk-X2FRVYON.js"
    },
    "chunk-DUOJQV2K": {
      "file": "chunk-DUOJQV2K.js"
    },
    "chunk-TMFU2CDP": {
      "file": "chunk-TMFU2CDP.js"
    },
    "chunk-7XH6JKCO": {
      "file": "chunk-7XH6JKCO.js"
    },
    "chunk-YUTF7F3A": {
      "file": "chunk-YUTF7F3A.js"
    },
    "chunk-HO53B3E5": {
      "file": "chunk-HO53B3E5.js"
    },
    "chunk-BUGEQH7Q": {
      "file": "chunk-BUGEQH7Q.js"
    },
    "chunk-KGEFRC3G": {
      "file": "chunk-KGEFRC3G.js"
    },
    "chunk-6JYDLR2P": {
      "file": "chunk-6JYDLR2P.js"
    },
    "chunk-KRBOSYF4": {
      "file": "chunk-KRBOSYF4.js"
    },
    "chunk-WWBVUOAY": {
      "file": "chunk-WWBVUOAY.js"
    },
    "chunk-KESSWXUS": {
      "file": "chunk-KESSWXUS.js"
    },
    "chunk-D7ZQUZXY": {
      "file": "chunk-D7ZQUZXY.js"
    },
    "chunk-74DNM3LL": {
      "file": "chunk-74DNM3LL.js"
    },
    "chunk-5O2IDK2E": {
      "file": "chunk-5O2IDK2E.js"
    },
    "chunk-4N4GOYJH": {
      "file": "chunk-4N4GOYJH.js"
    },
    "chunk-5OPE3T2R": {
      "file": "chunk-5OPE3T2R.js"
    },
    "chunk-FHTVLBLO": {
      "file": "chunk-FHTVLBLO.js"
    },
    "chunk-WHZFYAXY": {
      "file": "chunk-WHZFYAXY.js"
    },
    "chunk-4MWRP73S": {
      "file": "chunk-4MWRP73S.js"
    }
  }
}