{
  "hash": "5d2606bc",
  "configHash": "769d869c",
  "lockfileHash": "5c9f3114",
  "browserHash": "6e17b462",
  "optimized": {
    "@angular/common": {
      "src": "../../../../../../node_modules/@angular/common/fesm2022/common.mjs",
      "file": "@angular_common.js",
      "fileHash": "dc8f8c74",
      "needsInterop": false
    },
    "@angular/common/http": {
      "src": "../../../../../../node_modules/@angular/common/fesm2022/http.mjs",
      "file": "@angular_common_http.js",
      "fileHash": "067901e9",
      "needsInterop": false
    },
    "@angular/core": {
      "src": "../../../../../../node_modules/@angular/core/fesm2022/core.mjs",
      "file": "@angular_core.js",
      "fileHash": "13ffb3af",
      "needsInterop": false
    },
    "@angular/forms": {
      "src": "../../../../../../node_modules/@angular/forms/fesm2022/forms.mjs",
      "file": "@angular_forms.js",
      "fileHash": "7ca9149b",
      "needsInterop": false
    },
    "@angular/material/button": {
      "src": "../../../../../../node_modules/@angular/material/fesm2022/button.mjs",
      "file": "@angular_material_button.js",
      "fileHash": "9d522020",
      "needsInterop": false
    },
    "@angular/material/dialog": {
      "src": "../../../../../../node_modules/@angular/material/fesm2022/dialog.mjs",
      "file": "@angular_material_dialog.js",
      "fileHash": "e83be967",
      "needsInterop": false
    },
    "@angular/platform-browser": {
      "src": "../../../../../../node_modules/@angular/platform-browser/fesm2022/platform-browser.mjs",
      "file": "@angular_platform-browser.js",
      "fileHash": "00cd07c5",
      "needsInterop": false
    },
    "@angular/platform-browser/animations": {
      "src": "../../../../../../node_modules/@angular/platform-browser/fesm2022/animations.mjs",
      "file": "@angular_platform-browser_animations.js",
      "fileHash": "05778dc9",
      "needsInterop": false
    },
    "@angular/platform-server": {
      "src": "../../../../../../node_modules/@angular/platform-server/fesm2022/platform-server.mjs",
      "file": "@angular_platform-server.js",
      "fileHash": "a6647644",
      "needsInterop": false
    },
    "@angular/router": {
      "src": "../../../../../../node_modules/@angular/router/fesm2022/router.mjs",
      "file": "@angular_router.js",
      "fileHash": "1bc03c32",
      "needsInterop": false
    },
    "@fullcalendar/angular": {
      "src": "../../../../../../node_modules/@fullcalendar/angular/fesm2015/fullcalendar-angular.mjs",
      "file": "@fullcalendar_angular.js",
      "fileHash": "ded5aff3",
      "needsInterop": false
    },
    "@fullcalendar/daygrid": {
      "src": "../../../../../../node_modules/@fullcalendar/daygrid/index.js",
      "file": "@fullcalendar_daygrid.js",
      "fileHash": "1ee92d37",
      "needsInterop": false
    },
    "@fullcalendar/interaction": {
      "src": "../../../../../../node_modules/@fullcalendar/interaction/index.js",
      "file": "@fullcalendar_interaction.js",
      "fileHash": "3befb19a",
      "needsInterop": false
    },
    "@ngrx/store": {
      "src": "../../../../../../node_modules/@ngrx/store/fesm2022/ngrx-store.mjs",
      "file": "@ngrx_store.js",
      "fileHash": "bda12e1f",
      "needsInterop": false
    },
    "@ngrx/store-devtools": {
      "src": "../../../../../../node_modules/@ngrx/store-devtools/fesm2022/ngrx-store-devtools.mjs",
      "file": "@ngrx_store-devtools.js",
      "fileHash": "becdc088",
      "needsInterop": false
    },
    "@sweetalert2/ngx-sweetalert2": {
      "src": "../../../../../../node_modules/@sweetalert2/ngx-sweetalert2/fesm2022/sweetalert2-ngx-sweetalert2.mjs",
      "file": "@sweetalert2_ngx-sweetalert2.js",
      "fileHash": "f68e9f5d",
      "needsInterop": false
    },
    "ngx-owl-carousel-o": {
      "src": "../../../../../../node_modules/ngx-owl-carousel-o/fesm2022/ngx-owl-carousel-o.mjs",
      "file": "ngx-owl-carousel-o.js",
      "fileHash": "bcc2b835",
      "needsInterop": false
    },
    "primeng/api": {
      "src": "../../../../../../node_modules/primeng/fesm2022/primeng-api.mjs",
      "file": "primeng_api.js",
      "fileHash": "60d45642",
      "needsInterop": false
    },
    "primeng/avatar": {
      "src": "../../../../../../node_modules/primeng/fesm2022/primeng-avatar.mjs",
      "file": "primeng_avatar.js",
      "fileHash": "08682b3a",
      "needsInterop": false
    },
    "primeng/badge": {
      "src": "../../../../../../node_modules/primeng/fesm2022/primeng-badge.mjs",
      "file": "primeng_badge.js",
      "fileHash": "62515fdf",
      "needsInterop": false
    },
    "primeng/breadcrumb": {
      "src": "../../../../../../node_modules/primeng/fesm2022/primeng-breadcrumb.mjs",
      "file": "primeng_breadcrumb.js",
      "fileHash": "f0730f07",
      "needsInterop": false
    },
    "primeng/button": {
      "src": "../../../../../../node_modules/primeng/fesm2022/primeng-button.mjs",
      "file": "primeng_button.js",
      "fileHash": "c20bb575",
      "needsInterop": false
    },
    "primeng/dropdown": {
      "src": "../../../../../../node_modules/primeng/fesm2022/primeng-dropdown.mjs",
      "file": "primeng_dropdown.js",
      "fileHash": "238790af",
      "needsInterop": false
    },
    "primeng/editor": {
      "src": "../../../../../../node_modules/primeng/fesm2022/primeng-editor.mjs",
      "file": "primeng_editor.js",
      "fileHash": "16a1a6da",
      "needsInterop": false
    },
    "primeng/inputtext": {
      "src": "../../../../../../node_modules/primeng/fesm2022/primeng-inputtext.mjs",
      "file": "primeng_inputtext.js",
      "fileHash": "7e0c4b08",
      "needsInterop": false
    },
    "primeng/menubar": {
      "src": "../../../../../../node_modules/primeng/fesm2022/primeng-menubar.mjs",
      "file": "primeng_menubar.js",
      "fileHash": "5c6a4b6f",
      "needsInterop": false
    },
    "primeng/ripple": {
      "src": "../../../../../../node_modules/primeng/fesm2022/primeng-ripple.mjs",
      "file": "primeng_ripple.js",
      "fileHash": "240ddd64",
      "needsInterop": false
    },
    "primeng/speeddial": {
      "src": "../../../../../../node_modules/primeng/fesm2022/primeng-speeddial.mjs",
      "file": "primeng_speeddial.js",
      "fileHash": "6eba084e",
      "needsInterop": false
    },
    "primeng/tag": {
      "src": "../../../../../../node_modules/primeng/fesm2022/primeng-tag.mjs",
      "file": "primeng_tag.js",
      "fileHash": "877f2b66",
      "needsInterop": false
    },
    "rxjs": {
      "src": "../../../../../../node_modules/rxjs/dist/cjs/index.js",
      "file": "rxjs.js",
      "fileHash": "6ef5eeff",
      "needsInterop": true
    },
    "rxjs/operators": {
      "src": "../../../../../../node_modules/rxjs/dist/cjs/operators/index.js",
      "file": "rxjs_operators.js",
      "fileHash": "0197e1c7",
      "needsInterop": true
    }
  },
  "chunks": {
    "xhr2-RCJP3FMG": {
      "file": "xhr2-RCJP3FMG.js"
    },
    "quill-C7XRVLPA": {
      "file": "quill-C7XRVLPA.js"
    },
    "sweetalert2.esm.all-GCC446RE": {
      "file": "sweetalert2__esm__all-GCC446RE.js"
    },
    "chunk-AO6PKZPJ": {
      "file": "chunk-AO6PKZPJ.js"
    },
    "chunk-RBKVTBCD": {
      "file": "chunk-RBKVTBCD.js"
    },
    "chunk-6JZWX5A5": {
      "file": "chunk-6JZWX5A5.js"
    },
    "chunk-KVLSCDAF": {
      "file": "chunk-KVLSCDAF.js"
    },
    "chunk-EXKH2IJK": {
      "file": "chunk-EXKH2IJK.js"
    },
    "chunk-L27UBJGV": {
      "file": "chunk-L27UBJGV.js"
    },
    "chunk-JIHCWPNG": {
      "file": "chunk-JIHCWPNG.js"
    },
    "chunk-BVSBAIWK": {
      "file": "chunk-BVSBAIWK.js"
    },
    "chunk-LIE3BGQ6": {
      "file": "chunk-LIE3BGQ6.js"
    },
    "chunk-TNFK567L": {
      "file": "chunk-TNFK567L.js"
    },
    "chunk-2OTBVUW2": {
      "file": "chunk-2OTBVUW2.js"
    },
    "chunk-CWWEJL25": {
      "file": "chunk-CWWEJL25.js"
    },
    "chunk-AFPM6O4S": {
      "file": "chunk-AFPM6O4S.js"
    },
    "chunk-FGJMU7N7": {
      "file": "chunk-FGJMU7N7.js"
    },
    "chunk-OKBL27Y3": {
      "file": "chunk-OKBL27Y3.js"
    },
    "chunk-CPZYF3UQ": {
      "file": "chunk-CPZYF3UQ.js"
    },
    "chunk-6OGY2GNC": {
      "file": "chunk-6OGY2GNC.js"
    },
    "chunk-X5NLSII4": {
      "file": "chunk-X5NLSII4.js"
    },
    "chunk-IGNQQJCH": {
      "file": "chunk-IGNQQJCH.js"
    },
    "chunk-DCYMPORG": {
      "file": "chunk-DCYMPORG.js"
    },
    "chunk-HZW6YRE6": {
      "file": "chunk-HZW6YRE6.js"
    },
    "chunk-LDODSSGN": {
      "file": "chunk-LDODSSGN.js"
    }
  }
}